<?xml version="1.0" encoding="UTF-8"?>
<!DOCTYPE mapper PUBLIC "-//mybatis.org//DTD Mapper 3.0//EN" 
"http://mybatis.org/dtd/mybatis-3-mapper.dtd">

<mapper namespace="mybatis.BoardMapper">

	<select id="getBoardList" resultType="BoardDTO">
		<![CDATA[
			SELECT * FROM BOARDLIST ORDER BY IDX DESC
		]]>
	</select>
	
<!-- 	<insert id="getInsertUser" parameterType="BoardDTO"> -->
<!-- 		<![CDATA[ -->
<!-- 			INSERT INTO BOARDLIST(idx,userid,imagepath,content,logtime) -->
<!-- 			VALUES(BOARD_SEQ.NEXTVAL,#{userid},#{imagepath},#{content},#(logtime}) -->
<!-- 		]]> -->
<!-- 	</insert> -->
	
	<select id="getBoardView" resultType="BoardDTO">
		<![CDATA[
			SELECT * FROM BOARDLIST WHERE IDX=#{idx}
		]]>
	</select>
	
	
	<update id="getUpdateUser" parameterType="BoardDTO">
		<![CDATA[
			UPDATE BOARDLIST SET TITLE=#{title}, CONTENT=#{content} WHERE IDX=#{idx}
		]]>
	</update>
	
</mapper>











