<?xml version="1.0" encoding="UTF-8"?>
<!DOCTYPE configuration PUBLIC "-//mybatis.org//DTD Config 3.0//EN" 
"http://mybatis.org/dtd/mybatis-3-config.dtd">

<configuration>
	<properties resource="mybatis/config.propertis"/>
	<typeAliases>

	<typeAlias type="com.login.entity.login_entity" alias="LoginDTO" />
	<typeAlias type="com.board.entity.imgBoard_entity" alias="BoardDTO" />
	<typeAlias type="com.reply.entity.imgReply_entity" alias="ReplyDTO" />
		
	</typeAliases>
	<environments default="development">
		<environment id="development">
			<transactionManager type="JDBC"/>
			<dataSource type="POOLED">
				<property name="driver" 	value="${driver}"/>
				<property name="url" 		value="${url}"/>
				<property name="username" 	value="${username}"/>
				<property name="password" 	value="${password}"/>
			</dataSource>
		</environment>
	</environments>
	
	<mappers>
		<mapper resource="mybatis/LoginMapper.xml"/> 
		<mapper resource="mybatis/BoardMapper.xml"/>
		<mapper resource="mybatis/ReplyMapper.xml"/>
	</mappers>
</configuration>









